outcome,pred_form,copredictor,estimator,sample,reg_weight,r_ca
mcosmo,raw,none,fe_twoway,all,none,-0.24179591550885504
mutil,raw,none,fe_twoway,all,none,-0.2150496912288071
mcomm,raw,none,fe_twoway,all,none,-0.4954287123834182
mlib,raw,none,fe_twoway,all,none,-0.01339933604998411
mpos,raw,none,fe_twoway,all,none,-0.3105261599464237
mneg,raw,none,fe_twoway,all,none,-0.3948932650819841
mcosmo,raw,none,fe_twoway,all,n_cell,-0.19532005773215197
mutil,raw,none,fe_twoway,all,n_cell,-0.24076517123109076
mcomm,raw,none,fe_twoway,all,n_cell,-0.49908584814671614
mlib,raw,none,fe_twoway,all,n_cell,0.0493813919957547
mpos,raw,none,fe_twoway,all,n_cell,-0.28207063683885686
mneg,raw,none,fe_twoway,all,n_cell,-0.35969403036359543
mcosmo,raw,none,fe_country,all,none,-0.4039314942007778
mutil,raw,none,fe_country,all,none,-0.41679944997043905
mcomm,raw,none,fe_country,all,none,-0.5489339334436439
mlib,raw,none,fe_country,all,none,-0.3632281705545172
mpos,raw,none,fe_country,all,none,-0.5099815870179246
mneg,raw,none,fe_country,all,none,-0.5707355068137948
mcosmo,raw,none,fe_country,all,n_cell,-0.3653128126362642
mutil,raw,none,fe_country,all,n_cell,-0.4333360649269634
mcomm,raw,none,fe_country,all,n_cell,-0.5438216494611522
mlib,raw,none,fe_country,all,n_cell,-0.31827225380395363
mpos,raw,none,fe_country,all,n_cell,-0.488340628745757
mneg,raw,none,fe_country,all,n_cell,-0.5475746613613338
mcosmo,raw,none,re,all,none,-0.3673126292715653
mutil,raw,none,re,all,none,-0.3868775233306233
mcomm,raw,none,re,all,none,-0.5140581042037251
mlib,raw,none,re,all,none,-0.3282466304537843
mpos,raw,none,re,all,none,-0.4740674629723709
mneg,raw,none,re,all,none,-0.5270782056322535
mcosmo,raw,none,pooled_cl,all,none,-0.06344078421883068
mutil,raw,none,pooled_cl,all,none,-0.06202635415817751
mcomm,raw,none,pooled_cl,all,none,-0.02964309014817583
mlib,raw,none,pooled_cl,all,none,0.0717423983005743
mpos,raw,none,pooled_cl,all,none,-0.07513578028855034
mneg,raw,none,pooled_cl,all,none,0.02555642500385848
mcosmo,raw,none,pooled_cl,all,n_cell,0.00982521465775305
mutil,raw,none,pooled_cl,all,n_cell,-0.03328733824325601
mcomm,raw,none,pooled_cl,all,n_cell,-0.00516759318161978
mlib,raw,none,pooled_cl,all,n_cell,0.13779851281820985
mpos,raw,none,pooled_cl,all,n_cell,-0.00758291959509614
mneg,raw,none,pooled_cl,all,n_cell,0.08530538473821649
mcosmo,raw,none,fe_twoway,y2004_2008,none,-0.3114796932879816
mutil,raw,none,fe_twoway,y2004_2008,none,-0.0229638680072154
mcomm,raw,none,fe_twoway,y2004_2008,none,-0.3721674063216062
mlib,raw,none,fe_twoway,y2004_2008,none,-0.24168932855239383
mpos,raw,none,fe_twoway,y2004_2008,none,-0.31377765957359327
mneg,raw,none,fe_twoway,y2004_2008,none,-0.38166357423838754
mcosmo,raw,none,fe_twoway,y2004_2008,n_cell,-0.27885198806430744
mutil,raw,none,fe_twoway,y2004_2008,n_cell,-0.03088371263804571
mcomm,raw,none,fe_twoway,y2004_2008,n_cell,-0.37886979774599006
mlib,raw,none,fe_twoway,y2004_2008,n_cell,-0.19970587280759045
mpos,raw,none,fe_twoway,y2004_2008,n_cell,-0.2790579248902106
mneg,raw,none,fe_twoway,y2004_2008,n_cell,-0.36911333693478426
mcosmo,raw,none,fe_country,y2004_2008,none,-0.4790864157743248
mutil,raw,none,fe_country,y2004_2008,none,0.21567295343900905
mcomm,raw,none,fe_country,y2004_2008,none,-0.48064869158660206
mlib,raw,none,fe_country,y2004_2008,none,-0.26802786213074226
mpos,raw,none,fe_country,y2004_2008,none,-0.3926606658359353
mneg,raw,none,fe_country,y2004_2008,none,-0.4684671378316622
mcosmo,raw,none,fe_country,y2004_2008,n_cell,-0.45005724377883544
mutil,raw,none,fe_country,y2004_2008,n_cell,0.180817109947469
mcomm,raw,none,fe_country,y2004_2008,n_cell,-0.51821265879991385
mlib,raw,none,fe_country,y2004_2008,n_cell,-0.1985110026707636
mpos,raw,none,fe_country,y2004_2008,n_cell,-0.3661954376324105
mneg,raw,none,fe_country,y2004_2008,n_cell,-0.4688991255526867
mcosmo,raw,none,re,y2004_2008,none,-0.35197605619041794
mutil,raw,none,re,y2004_2008,none,0.1914198016544741
mcomm,raw,none,re,y2004_2008,none,-0.4011576206844633
mlib,raw,none,re,y2004_2008,none,-0.22485593044131577
mpos,raw,none,re,y2004_2008,none,-0.321885777932732
mneg,raw,none,re,y2004_2008,none,-0.3967469846906224
mcosmo,raw,none,pooled_cl,y2004_2008,none,0.12559177117284895
mutil,raw,none,pooled_cl,y2004_2008,none,0.04742358221919054
mcomm,raw,none,pooled_cl,y2004_2008,none,0.1009420827337971
mlib,raw,none,pooled_cl,y2004_2008,none,0.08286574462600893
mpos,raw,none,pooled_cl,y2004_2008,none,0.11421230422930433
mneg,raw,none,pooled_cl,y2004_2008,none,0.11174207615657068
mcosmo,raw,none,pooled_cl,y2004_2008,n_cell,0.16886098382138323
mutil,raw,none,pooled_cl,y2004_2008,n_cell,0.01884037715733951
mcomm,raw,none,pooled_cl,y2004_2008,n_cell,0.04230713618571265
mlib,raw,none,pooled_cl,y2004_2008,n_cell,0.1164771110371457
mpos,raw,none,pooled_cl,y2004_2008,n_cell,0.12900672574416577
mneg,raw,none,pooled_cl,y2004_2008,n_cell,0.0957148856110494
mcosmo,raw,none,fe_twoway,y2009_2013,none,-0.460997376291117
mutil,raw,none,fe_twoway,y2009_2013,none,-0.38477551769172413
mcomm,raw,none,fe_twoway,y2009_2013,none,-0.6548618826507451
mlib,raw,none,fe_twoway,y2009_2013,none,-0.03123142155858195
mpos,raw,none,fe_twoway,y2009_2013,none,-0.49680101860071096
mneg,raw,none,fe_twoway,y2009_2013,none,-0.5060938665595206
mcosmo,raw,none,fe_twoway,y2009_2013,n_cell,-0.3991787595013559
mutil,raw,none,fe_twoway,y2009_2013,n_cell,-0.33262119923932154
mcomm,raw,none,fe_twoway,y2009_2013,n_cell,-0.5871206609112277
mlib,raw,none,fe_twoway,y2009_2013,n_cell,0.00164832315558149
mpos,raw,none,fe_twoway,y2009_2013,n_cell,-0.4368315761727061
mneg,raw,none,fe_twoway,y2009_2013,n_cell,-0.4308062393451091
mcosmo,raw,none,fe_country,y2009_2013,none,-0.5402583817509282
mutil,raw,none,fe_country,y2009_2013,none,-0.4951661286757437
mcomm,raw,none,fe_country,y2009_2013,none,-0.6961093312221163
mlib,raw,none,fe_country,y2009_2013,none,-0.26020240544508844
mpos,raw,none,fe_country,y2009_2013,none,-0.567557442221814
mneg,raw,none,fe_country,y2009_2013,none,-0.5750401820909907
mcosmo,raw,none,fe_country,y2009_2013,n_cell,-0.460736026838057
mutil,raw,none,fe_country,y2009_2013,n_cell,-0.4304490179421423
mcomm,raw,none,fe_country,y2009_2013,n_cell,-0.6233352460093771
mlib,raw,none,fe_country,y2009_2013,n_cell,-0.19096595286524895
mpos,raw,none,fe_country,y2009_2013,n_cell,-0.4942381982306171
mneg,raw,none,fe_country,y2009_2013,n_cell,-0.48961900429385513
mcosmo,raw,none,re,y2009_2013,none,-0.4633127968214203
mutil,raw,none,re,y2009_2013,none,-0.387256714631839
mcomm,raw,none,re,y2009_2013,none,-0.6365314648132551
mlib,raw,none,re,y2009_2013,none,-0.1595883896185865
mpos,raw,none,re,y2009_2013,none,-0.4725591955510954
mneg,raw,none,re,y2009_2013,none,-0.4669600751634186
mcosmo,raw,none,pooled_cl,y2009_2013,none,-0.08153602249861425
mutil,raw,none,pooled_cl,y2009_2013,none,0.05108019476989485
mcomm,raw,none,pooled_cl,y2009_2013,none,-0.04687871980250435
mlib,raw,none,pooled_cl,y2009_2013,none,0.24679915258896415
mpos,raw,none,pooled_cl,y2009_2013,none,-0.04588678371725792
mneg,raw,none,pooled_cl,y2009_2013,none,0.1215759948554562
mcosmo,raw,none,pooled_cl,y2009_2013,n_cell,0.0105482309906269
mutil,raw,none,pooled_cl,y2009_2013,n_cell,0.12299467703737864
mcomm,raw,none,pooled_cl,y2009_2013,n_cell,0.00270559225468589
mlib,raw,none,pooled_cl,y2009_2013,n_cell,0.3434178850922842
mpos,raw,none,pooled_cl,y2009_2013,n_cell,0.05247625188179519
mneg,raw,none,pooled_cl,y2009_2013,n_cell,0.2274779145727253
mcosmo,raw,none,fe_twoway,no_bailout,none,0.10832354443767152
mutil,raw,none,fe_twoway,no_bailout,none,-0.19395060800954905
mcomm,raw,none,fe_twoway,no_bailout,none,-0.25165415702206606
mlib,raw,none,fe_twoway,no_bailout,none,0.16618021382373388
mpos,raw,none,fe_twoway,no_bailout,none,0.01532103909094142
mneg,raw,none,fe_twoway,no_bailout,none,-0.06698304882174903
mcosmo,raw,none,fe_twoway,no_bailout,n_cell,0.12917922877631846
mutil,raw,none,fe_twoway,no_bailout,n_cell,-0.2061492150802672
mcomm,raw,none,fe_twoway,no_bailout,n_cell,-0.2709269582892696
mlib,raw,none,fe_twoway,no_bailout,n_cell,0.2270745232963036
mpos,raw,none,fe_twoway,no_bailout,n_cell,0.0309727949753253
mneg,raw,none,fe_twoway,no_bailout,n_cell,-0.04122279312123209
mcosmo,raw,none,fe_country,no_bailout,none,-0.11623219985696912
mutil,raw,none,fe_country,no_bailout,none,-0.2816598389340119
mcomm,raw,none,fe_country,no_bailout,none,-0.3411506416705011
mlib,raw,none,fe_country,no_bailout,none,-0.15446195304834026
mpos,raw,none,fe_country,no_bailout,none,-0.2409737045348976
mneg,raw,none,fe_country,no_bailout,none,-0.31399930172578766
mcosmo,raw,none,fe_country,no_bailout,n_cell,-0.09447160927575109
mutil,raw,none,fe_country,no_bailout,n_cell,-0.29750529177887447
mcomm,raw,none,fe_country,no_bailout,n_cell,-0.3680284715504647
mlib,raw,none,fe_country,no_bailout,n_cell,-0.10013120115153672
mpos,raw,none,fe_country,no_bailout,n_cell,-0.2259064888198418
mneg,raw,none,fe_country,no_bailout,n_cell,-0.30052997539093806
mcosmo,raw,none,re,no_bailout,none,-0.07372057588384828
mutil,raw,none,re,no_bailout,none,-0.24608804557599404
mcomm,raw,none,re,no_bailout,none,-0.2921254316918779
mlib,raw,none,re,no_bailout,none,-0.12291342773187644
mpos,raw,none,re,no_bailout,none,-0.19682413980412797
mneg,raw,none,re,no_bailout,none,-0.2676510633281671
mcosmo,raw,none,pooled_cl,no_bailout,none,0.25307897006599883
mutil,raw,none,pooled_cl,no_bailout,none,0.09779620993019866
mcomm,raw,none,pooled_cl,no_bailout,none,0.249681354143517
mlib,raw,none,pooled_cl,no_bailout,none,0.18115866584430648
mpos,raw,none,pooled_cl,no_bailout,none,0.23576371835656745
mneg,raw,none,pooled_cl,no_bailout,none,0.25525855224773986
mcosmo,raw,none,pooled_cl,no_bailout,n_cell,0.3024281332652426
mutil,raw,none,pooled_cl,no_bailout,n_cell,0.11730837970779226
mcomm,raw,none,pooled_cl,no_bailout,n_cell,0.25161143778948397
mlib,raw,none,pooled_cl,no_bailout,n_cell,0.2417225294404416
mpos,raw,none,pooled_cl,no_bailout,n_cell,0.28151309815768266
mneg,raw,none,pooled_cl,no_bailout,n_cell,0.2940892628716134
mcosmo,raw,none,fe_twoway,no_GR_ES,none,-0.10935973072701452
mutil,raw,none,fe_twoway,no_GR_ES,none,-0.24761773905105347
mcomm,raw,none,fe_twoway,no_GR_ES,none,-0.4134668568880332
mlib,raw,none,fe_twoway,no_GR_ES,none,0.09242675094924524
mpos,raw,none,fe_twoway,no_GR_ES,none,-0.2085275633016004
mneg,raw,none,fe_twoway,no_GR_ES,none,-0.275900571197357
mcosmo,raw,none,fe_twoway,no_GR_ES,n_cell,-0.02585699189931959
mutil,raw,none,fe_twoway,no_GR_ES,n_cell,-0.26825938474792316
mcomm,raw,none,fe_twoway,no_GR_ES,n_cell,-0.3936016144629273
mlib,raw,none,fe_twoway,no_GR_ES,n_cell,0.16302388321703024
mpos,raw,none,fe_twoway,no_GR_ES,n_cell,-0.1443529369916194
mneg,raw,none,fe_twoway,no_GR_ES,n_cell,-0.2062779295729601
mcosmo,raw,none,fe_country,no_GR_ES,none,-0.28121416818152245
mutil,raw,none,fe_country,no_GR_ES,none,-0.4031930368007148
mcomm,raw,none,fe_country,no_GR_ES,none,-0.4693387454537349
mlib,raw,none,fe_country,no_GR_ES,none,-0.2613317580190597
mpos,raw,none,fe_country,no_GR_ES,none,-0.4213375950687171
mneg,raw,none,fe_country,no_GR_ES,none,-0.46969094784077153
mcosmo,raw,none,fe_country,no_GR_ES,n_cell,-0.2105542498340627
mutil,raw,none,fe_country,no_GR_ES,n_cell,-0.4135938179753429
mcomm,raw,none,fe_country,no_GR_ES,n_cell,-0.4480430932809626
mlib,raw,none,fe_country,no_GR_ES,n_cell,-0.2023770904185088
mpos,raw,none,fe_country,no_GR_ES,n_cell,-0.37215876436219175
mneg,raw,none,fe_country,no_GR_ES,n_cell,-0.4222907381680095
mcosmo,raw,none,re,no_GR_ES,none,-0.2447768621022397
mutil,raw,none,re,no_GR_ES,none,-0.3739474451241682
mcomm,raw,none,re,no_GR_ES,none,-0.4294632379206835
mlib,raw,none,re,no_GR_ES,none,-0.23525725050159432
mpos,raw,none,re,no_GR_ES,none,-0.3848095664881719
mneg,raw,none,re,no_GR_ES,none,-0.42720965582068793
mcosmo,raw,none,pooled_cl,no_GR_ES,none,0.05433113952122097
mutil,raw,none,pooled_cl,no_GR_ES,none,-0.03646608821686241
mcomm,raw,none,pooled_cl,no_GR_ES,none,0.05914375101192549
mlib,raw,none,pooled_cl,no_GR_ES,none,0.0733321255659399
mpos,raw,none,pooled_cl,no_GR_ES,none,0.02320780680916444
mneg,raw,none,pooled_cl,no_GR_ES,none,0.08537581661053295
mcosmo,raw,none,pooled_cl,no_GR_ES,n_cell,0.13651968360176017
mutil,raw,none,pooled_cl,no_GR_ES,n_cell,-0.00933747988436267
mcomm,raw,none,pooled_cl,no_GR_ES,n_cell,0.09417605540949026
mlib,raw,none,pooled_cl,no_GR_ES,n_cell,0.14056546848471307
mpos,raw,none,pooled_cl,no_GR_ES,n_cell,0.09715037151891558
mneg,raw,none,pooled_cl,no_GR_ES,n_cell,0.14881499475325508
mcosmo,raw,other,fe_twoway,all,none,-0.23127372130510404
mutil,raw,other,fe_twoway,all,none,-0.10487726914539998
mcomm,raw,other,fe_twoway,all,none,-0.4341338417752544
mlib,raw,other,fe_twoway,all,none,-0.01269210827031928
mpos,raw,other,fe_twoway,all,none,-0.2581937198432404
mneg,raw,other,fe_twoway,all,none,-0.3405581657988601
mcosmo,raw,other,fe_twoway,all,n_cell,-0.1882600096670284
mutil,raw,other,fe_twoway,all,n_cell,-0.13493494390197763
mcomm,raw,other,fe_twoway,all,n_cell,-0.4375641372598221
mlib,raw,other,fe_twoway,all,n_cell,0.04214549169605616
mpos,raw,other,fe_twoway,all,n_cell,-0.23147609005666697
mneg,raw,other,fe_twoway,all,n_cell,-0.3065974341742968
mcosmo,raw,other,fe_country,all,none,-0.4112143906965958
mutil,raw,other,fe_country,all,none,-0.31923465918588145
mcomm,raw,other,fe_country,all,none,-0.522683630488664
mlib,raw,other,fe_country,all,none,-0.3183106498375796
mpos,raw,other,fe_country,all,none,-0.4735268034948999
mneg,raw,other,fe_country,all,none,-0.5329403526010752
mcosmo,raw,other,fe_country,all,n_cell,-0.36638626511509736
mutil,raw,other,fe_country,all,n_cell,-0.34104989642224337
mcomm,raw,other,fe_country,all,n_cell,-0.5179020144759933
mlib,raw,other,fe_country,all,n_cell,-0.2700179164428541
mpos,raw,other,fe_country,all,n_cell,-0.4467753470646224
mneg,raw,other,fe_country,all,n_cell,-0.5068103002808516
mcosmo,raw,other,re,all,none,-0.3569559266188849
mutil,raw,other,re,all,none,-0.2881108520105549
mcomm,raw,other,re,all,none,-0.4660259659740276
mlib,raw,other,re,all,none,-0.2842094029655341
mpos,raw,other,re,all,none,-0.42177392700347704
mneg,raw,other,re,all,none,-0.4742377691163072
mcosmo,raw,other,pooled_cl,all,none,-0.02118993625817356
mutil,raw,other,pooled_cl,all,none,0.01373050850626091
mcomm,raw,other,pooled_cl,all,none,0.03979068045926692
mlib,raw,other,pooled_cl,all,none,0.10395657027594996
mpos,raw,other,pooled_cl,all,none,-0.00973416162920958
mneg,raw,other,pooled_cl,all,none,0.09419034812024447
mcosmo,raw,other,pooled_cl,all,n_cell,0.05087081765309357
mutil,raw,other,pooled_cl,all,n_cell,0.03446414067573298
mcomm,raw,other,pooled_cl,all,n_cell,0.06275913604362332
mlib,raw,other,pooled_cl,all,n_cell,0.16235609931586817
mpos,raw,other,pooled_cl,all,n_cell,0.05367087595406926
mneg,raw,other,pooled_cl,all,n_cell,0.1468180504507006
mcosmo,raw,other,fe_twoway,y2004_2008,none,-0.3549081228054084
mutil,raw,other,fe_twoway,y2004_2008,none,0.0329358164089901
mcomm,raw,other,fe_twoway,y2004_2008,none,-0.3666776206085078
mlib,raw,other,fe_twoway,y2004_2008,none,-0.2539513102345078
mpos,raw,other,fe_twoway,y2004_2008,none,-0.32867982506511856
mneg,raw,other,fe_twoway,y2004_2008,none,-0.3844039653677353
mcosmo,raw,other,fe_twoway,y2004_2008,n_cell,-0.3430553556836699
mutil,raw,other,fe_twoway,y2004_2008,n_cell,0.03158897907481835
mcomm,raw,other,fe_twoway,y2004_2008,n_cell,-0.3737763125768277
mlib,raw,other,fe_twoway,y2004_2008,n_cell,-0.2350552540926746
mpos,raw,other,fe_twoway,y2004_2008,n_cell,-0.30616086426104444
mneg,raw,other,fe_twoway,y2004_2008,n_cell,-0.3844826233842942
mcosmo,raw,other,fe_country,y2004_2008,none,-0.4865585568617155
mutil,raw,other,fe_country,y2004_2008,none,0.2364949438049492
mcomm,raw,other,fe_country,y2004_2008,none,-0.4819241562810811
mlib,raw,other,fe_country,y2004_2008,none,-0.2661453569396194
mpos,raw,other,fe_country,y2004_2008,none,-0.3920499368548155
mneg,raw,other,fe_country,y2004_2008,none,-0.46822708207846
mcosmo,raw,other,fe_country,y2004_2008,n_cell,-0.4530247127113831
mutil,raw,other,fe_country,y2004_2008,n_cell,0.18128374849208512
mcomm,raw,other,fe_country,y2004_2008,n_cell,-0.5176707624013984
mlib,raw,other,fe_country,y2004_2008,n_cell,-0.1982215956646868
mpos,raw,other,fe_country,y2004_2008,n_cell,-0.3655397194526938
mneg,raw,other,fe_country,y2004_2008,n_cell,-0.46826093892131304
mcosmo,raw,other,re,y2004_2008,none,-0.3505513733412029
mutil,raw,other,re,y2004_2008,none,0.19929534476178737
mcomm,raw,other,re,y2004_2008,none,-0.3811548888198667
mlib,raw,other,re,y2004_2008,none,-0.22254475221746323
mpos,raw,other,re,y2004_2008,none,-0.3017338328112096
mneg,raw,other,re,y2004_2008,none,-0.3842482105150355
mcosmo,raw,other,pooled_cl,y2004_2008,none,0.10493041606610087
mutil,raw,other,pooled_cl,y2004_2008,none,-0.01477377602762599
mcomm,raw,other,pooled_cl,y2004_2008,none,0.0588569331494951
mlib,raw,other,pooled_cl,y2004_2008,none,0.0613180647487055
mpos,raw,other,pooled_cl,y2004_2008,none,0.070669933733993745
mneg,raw,other,pooled_cl,y2004_2008,none,0.0740697308434154
mcosmo,raw,other,pooled_cl,y2004_2008,n_cell,0.1499207330653107
mutil,raw,other,pooled_cl,y2004_2008,n_cell,-0.05828008441919565
mcomm,raw,other,pooled_cl,y2004_2008,n_cell,-0.00753574674450633
mlib,raw,other,pooled_cl,y2004_2008,n_cell,0.0925343694772416
mpos,raw,other,pooled_cl,y2004_2008,n_cell,0.08280719146424258
mneg,raw,other,pooled_cl,y2004_2008,n_cell,0.05357248570230715
mcosmo,raw,other,fe_twoway,y2009_2013,none,-0.3850172492177004
mutil,raw,other,fe_twoway,y2009_2013,none,-0.31621377297807945
mcomm,raw,other,fe_twoway,y2009_2013,none,-0.5946059672130795
mlib,raw,other,fe_twoway,y2009_2013,none,0.037526606168795
mpos,raw,other,fe_twoway,y2009_2013,none,-0.4196509710188915
mneg,raw,other,fe_twoway,y2009_2013,none,-0.42155755320432886
mcosmo,raw,other,fe_twoway,y2009_2013,n_cell,-0.33440990530457626
mutil,raw,other,fe_twoway,y2009_2013,n_cell,-0.27222544755531414
mcomm,raw,other,fe_twoway,y2009_2013,n_cell,-0.5334458767979249
mlib,raw,other,fe_twoway,y2009_2013,n_cell,0.0686227562248483
mpos,raw,other,fe_twoway,y2009_2013,n_cell,-0.3693127434393849
mneg,raw,other,fe_twoway,y2009_2013,n_cell,-0.3535372123925065
mcosmo,raw,other,fe_country,y2009_2013,none,-0.5564137938122283
mutil,raw,other,fe_country,y2009_2013,none,-0.5209490011689487
mcomm,raw,other,fe_country,y2009_2013,none,-0.695428353670889
mlib,raw,other,fe_country,y2009_2013,none,-0.2930399424781821
mpos,raw,other,fe_country,y2009_2013,none,-0.5896644460395984
mneg,raw,other,fe_country,y2009_2013,none,-0.5926658971911697
mcosmo,raw,other,fe_country,y2009_2013,n_cell,-0.4725728844096492
mutil,raw,other,fe_country,y2009_2013,n_cell,-0.44900667207128286
mcomm,raw,other,fe_country,y2009_2013,n_cell,-0.6223162294892972
mlib,raw,other,fe_country,y2009_2013,n_cell,-0.21235078018694353
mpos,raw,other,fe_country,y2009_2013,n_cell,-0.5102147085987893
mneg,raw,other,fe_country,y2009_2013,n_cell,-0.5020631297137403
mcosmo,raw,other,re,y2009_2013,none,-0.4723323616005527
mutil,raw,other,re,y2009_2013,none,-0.4212503510251977
mcomm,raw,other,re,y2009_2013,none,-0.6102114261157433
mlib,raw,other,re,y2009_2013,none,-0.20007859401525144
mpos,raw,other,re,y2009_2013,none,-0.4918402965170873
mneg,raw,other,re,y2009_2013,none,-0.4685170750004297
mcosmo,raw,other,pooled_cl,y2009_2013,none,-0.06985284561035682
mutil,raw,other,pooled_cl,y2009_2013,none,0.02786683771719446
mcomm,raw,other,pooled_cl,y2009_2013,none,-0.00281371559451924
mlib,raw,other,pooled_cl,y2009_2013,none,0.21424382830896635
mpos,raw,other,pooled_cl,y2009_2013,none,-0.04505107108237818
mneg,raw,other,pooled_cl,y2009_2013,none,0.13220067532066082
mcosmo,raw,other,pooled_cl,y2009_2013,n_cell,0.03439075602649375
mutil,raw,other,pooled_cl,y2009_2013,n_cell,0.10038068453649288
mcomm,raw,other,pooled_cl,y2009_2013,n_cell,0.0623762785070223
mlib,raw,other,pooled_cl,y2009_2013,n_cell,0.3110059821779035
mpos,raw,other,pooled_cl,y2009_2013,n_cell,0.06302315350885145
mneg,raw,other,pooled_cl,y2009_2013,n_cell,0.24378670513613696
mcosmo,raw,other,fe_twoway,no_bailout,none,0.04893545820986328
mutil,raw,other,fe_twoway,no_bailout,none,-0.10308974203198258
mcomm,raw,other,fe_twoway,no_bailout,none,-0.23791972155598223
mlib,raw,other,fe_twoway,no_bailout,none,0.15216227060894902
mpos,raw,other,fe_twoway,no_bailout,none,0.00117119956072202
mneg,raw,other,fe_twoway,no_bailout,none,-0.06609716125532553
mcosmo,raw,other,fe_twoway,no_bailout,n_cell,0.07373877544079462
mutil,raw,other,fe_twoway,no_bailout,n_cell,-0.11842843195441204
mcomm,raw,other,fe_twoway,no_bailout,n_cell,-0.2465263958471873
mlib,raw,other,fe_twoway,no_bailout,n_cell,0.19918317601417695
mpos,raw,other,fe_twoway,no_bailout,n_cell,0.01919845404824
mneg,raw,other,fe_twoway,no_bailout,n_cell,-0.04221699132688329
mcosmo,raw,other,fe_country,no_bailout,none,-0.1572006756834107
mutil,raw,other,fe_country,no_bailout,none,-0.22497614688664977
mcomm,raw,other,fe_country,no_bailout,none,-0.36976776061682826
mlib,raw,other,fe_country,no_bailout,none,-0.13409006363800008
mpos,raw,other,fe_country,no_bailout,none,-0.2401451906628743
mneg,raw,other,fe_country,no_bailout,none,-0.3139857736024847
mcosmo,raw,other,fe_country,no_bailout,n_cell,-0.1222796633505068
mutil,raw,other,fe_country,no_bailout,n_cell,-0.2601016013603043
mcomm,raw,other,fe_country,no_bailout,n_cell,-0.3871755075668378
mlib,raw,other,fe_country,no_bailout,n_cell,-0.08477077009502941
mpos,raw,other,fe_country,no_bailout,n_cell,-0.2229173110876485
mneg,raw,other,fe_country,no_bailout,n_cell,-0.2988750605387577
mcosmo,raw,other,re,no_bailout,none,-0.1057778517139922
mutil,raw,other,re,no_bailout,none,-0.19264532598607703
mcomm,raw,other,re,no_bailout,none,-0.31610468313458173
mlib,raw,other,re,no_bailout,none,-0.10160218608301252
mpos,raw,other,re,no_bailout,none,-0.18925929593567176
mneg,raw,other,re,no_bailout,none,-0.26243664728118654
mcosmo,raw,other,pooled_cl,no_bailout,none,0.2531779992103445
mutil,raw,other,pooled_cl,no_bailout,none,0.10031690228757262
mcomm,raw,other,pooled_cl,no_bailout,none,0.25054528206584487
mlib,raw,other,pooled_cl,no_bailout,none,0.18285250954787036
mpos,raw,other,pooled_cl,no_bailout,none,0.2381427505025847
mneg,raw,other,pooled_cl,no_bailout,none,0.25793877600969733
mcosmo,raw,other,pooled_cl,no_bailout,n_cell,0.2987646982884869
mutil,raw,other,pooled_cl,no_bailout,n_cell,0.10139128382282334
mcomm,raw,other,pooled_cl,no_bailout,n_cell,0.24514657920138305
mlib,raw,other,pooled_cl,no_bailout,n_cell,0.23374653552957136
mpos,raw,other,pooled_cl,no_bailout,n_cell,0.27382732487663736
mneg,raw,other,pooled_cl,no_bailout,n_cell,0.2866621429966506
mcosmo,raw,other,fe_twoway,no_GR_ES,none,-0.12263553089210431
mutil,raw,other,fe_twoway,no_GR_ES,none,-0.13109801241526853
mcomm,raw,other,fe_twoway,no_GR_ES,none,-0.35817200540152794
mlib,raw,other,fe_twoway,no_GR_ES,none,0.09462257421947466
mpos,raw,other,fe_twoway,no_GR_ES,none,-0.16964216219138775
mneg,raw,other,fe_twoway,no_GR_ES,none,-0.22681912382763617
mcosmo,raw,other,fe_twoway,no_GR_ES,n_cell,-0.0467151617034058
mutil,raw,other,fe_twoway,no_GR_ES,n_cell,-0.16662811938734287
mcomm,raw,other,fe_twoway,no_GR_ES,n_cell,-0.34384273334025633
mlib,raw,other,fe_twoway,no_GR_ES,n_cell,0.1552069007586212
mpos,raw,other,fe_twoway,no_GR_ES,n_cell,-0.113947082623492
mneg,raw,other,fe_twoway,no_GR_ES,n_cell,-0.1671745625078541
mcosmo,raw,other,fe_country,no_GR_ES,none,-0.3021251364663103
mutil,raw,other,fe_country,no_GR_ES,none,-0.3070591910506857
mcomm,raw,other,fe_country,no_GR_ES,none,-0.4503124114494836
mlib,raw,other,fe_country,no_GR_ES,none,-0.2205475885900415
mpos,raw,other,fe_country,no_GR_ES,none,-0.3890107656644908
mneg,raw,other,fe_country,no_GR_ES,none,-0.4355951727414603
mcosmo,raw,other,fe_country,no_GR_ES,n_cell,-0.23047043114696403
mutil,raw,other,fe_country,no_GR_ES,n_cell,-0.3384104992406719
mcomm,raw,other,fe_country,no_GR_ES,n_cell,-0.43746248995911846
mlib,raw,other,fe_country,no_GR_ES,n_cell,-0.1656584673720063
mpos,raw,other,fe_country,no_GR_ES,n_cell,-0.3436341465444085
mneg,raw,other,fe_country,no_GR_ES,n_cell,-0.39366842182865847
mcosmo,raw,other,re,no_GR_ES,none,-0.24678521831194733
mutil,raw,other,re,no_GR_ES,none,-0.2778711026571877
mcomm,raw,other,re,no_GR_ES,none,-0.3935266304313866
mlib,raw,other,re,no_GR_ES,none,-0.1951488107329352
mpos,raw,other,re,no_GR_ES,none,-0.33668678515507394
mneg,raw,other,re,no_GR_ES,none,-0.38190051063697195
mcosmo,raw,other,pooled_cl,no_GR_ES,none,0.07839628207366951
mutil,raw,other,pooled_cl,no_GR_ES,none,0.01250343465546131
mcomm,raw,other,pooled_cl,no_GR_ES,none,0.09942104497947576
mlib,raw,other,pooled_cl,no_GR_ES,none,0.09695651847695091
mpos,raw,other,pooled_cl,no_GR_ES,none,0.06471376378090446
mneg,raw,other,pooled_cl,no_GR_ES,none,0.12787656694939778
mcosmo,raw,other,pooled_cl,no_GR_ES,n_cell,0.15125381973498406
mutil,raw,other,pooled_cl,no_GR_ES,n_cell,0.01968930969917706
mcomm,raw,other,pooled_cl,no_GR_ES,n_cell,0.11887283745239398
mlib,raw,other,pooled_cl,no_GR_ES,n_cell,0.15405780154388413
mpos,raw,other,pooled_cl,no_GR_ES,n_cell,0.12307117574604876
mneg,raw,other,pooled_cl,no_GR_ES,n_cell,0.1741764762057697
mcosmo,log,none,fe_twoway,all,none,-0.2255573698019983
mutil,log,none,fe_twoway,all,none,-0.24405134570851433
mcomm,log,none,fe_twoway,all,none,-0.5129132338162018
mlib,log,none,fe_twoway,all,none,0.02202172318310143
mpos,log,none,fe_twoway,all,none,-0.3074537785625004
mneg,log,none,fe_twoway,all,none,-0.39052022506790224
mcosmo,log,none,fe_twoway,all,n_cell,-0.16876090167734317
mutil,log,none,fe_twoway,all,n_cell,-0.275815017886952
mcomm,log,none,fe_twoway,all,n_cell,-0.5054903382039202
mlib,log,none,fe_twoway,all,n_cell,0.08532510236309923
mpos,log,none,fe_twoway,all,n_cell,-0.2724196358149597
mneg,log,none,fe_twoway,all,n_cell,-0.34478136946633187
mcosmo,log,none,fe_country,all,none,-0.405821904536474
mutil,log,none,fe_country,all,none,-0.4433199301381326
mcomm,log,none,fe_country,all,none,-0.5584714254045957
mlib,log,none,fe_country,all,none,-0.37215303637525377
mpos,log,none,fe_country,all,none,-0.523087795068532
mneg,log,none,fe_country,all,none,-0.5821986478185136
mcosmo,log,none,fe_country,all,n_cell,-0.3601253679373559
mutil,log,none,fe_country,all,n_cell,-0.4592345258886652
mcomm,log,none,fe_country,all,n_cell,-0.547309951631925
mlib,log,none,fe_country,all,n_cell,-0.3224568470452838
mpos,log,none,fe_country,all,n_cell,-0.49565850904557257
mneg,log,none,fe_country,all,n_cell,-0.5524662328257817
mcosmo,log,none,re,all,none,-0.3635863112676453
mutil,log,none,re,all,none,-0.4120441825767411
mcomm,log,none,re,all,none,-0.5189963643857055
mlib,log,none,re,all,none,-0.3370448272218503
mpos,log,none,re,all,none,-0.48371283377942026
mneg,log,none,re,all,none,-0.5353058624397058
mcosmo,log,none,pooled_cl,all,none,-0.02970593473677945
mutil,log,none,pooled_cl,all,none,-0.07034119809363777
mcomm,log,none,pooled_cl,all,none,0.0112846850041089
mlib,log,none,pooled_cl,all,none,0.06379731141302042
mpos,log,none,pooled_cl,all,none,-0.05403701212632479
mneg,log,none,pooled_cl,all,none,0.04804940646466731
mcosmo,log,none,pooled_cl,all,n_cell,0.05097666454868135
mutil,log,none,pooled_cl,all,n_cell,-0.04565421847438557
mcomm,log,none,pooled_cl,all,n_cell,0.02711514149178267
mlib,log,none,pooled_cl,all,n_cell,0.13890682494694148
mpos,log,none,pooled_cl,all,n_cell,0.01741900811583971
mneg,log,none,pooled_cl,all,n_cell,0.10679778408152196
mcosmo,log,none,fe_twoway,y2004_2008,none,-0.33874978653346005
mutil,log,none,fe_twoway,y2004_2008,none,-0.04456840075026522
mcomm,log,none,fe_twoway,y2004_2008,none,-0.3914391108724832
mlib,log,none,fe_twoway,y2004_2008,none,-0.2810840928856971
mpos,log,none,fe_twoway,y2004_2008,none,-0.35030438276622744
mneg,log,none,fe_twoway,y2004_2008,none,-0.4161652188156202
mcosmo,log,none,fe_twoway,y2004_2008,n_cell,-0.31956038883863114
mutil,log,none,fe_twoway,y2004_2008,n_cell,-0.06540865882168619
mcomm,log,none,fe_twoway,y2004_2008,n_cell,-0.4050095670888628
mlib,log,none,fe_twoway,y2004_2008,n_cell,-0.2444075348814596
mpos,log,none,fe_twoway,y2004_2008,n_cell,-0.3339889761305906
mneg,log,none,fe_twoway,y2004_2008,n_cell,-0.4121818502183856
mcosmo,log,none,fe_country,y2004_2008,none,-0.5090206925616427
mutil,log,none,fe_country,y2004_2008,none,0.2079362748402465
mcomm,log,none,fe_country,y2004_2008,none,-0.505435678470565
mlib,log,none,fe_country,y2004_2008,none,-0.2974523353543263
mpos,log,none,fe_country,y2004_2008,none,-0.4273048815537599
mneg,log,none,fe_country,y2004_2008,none,-0.5008136798927773
mcosmo,log,none,fe_country,y2004_2008,n_cell,-0.48669507945739104
mutil,log,none,fe_country,y2004_2008,n_cell,0.16334925466880537
mcomm,log,none,fe_country,y2004_2008,n_cell,-0.546466242941229
mlib,log,none,fe_country,y2004_2008,n_cell,-0.23092164782831812
mpos,log,none,fe_country,y2004_2008,n_cell,-0.41144526102174106
mneg,log,none,fe_country,y2004_2008,n_cell,-0.5060773923171955
mcosmo,log,none,re,y2004_2008,none,-0.3770742421799924
mutil,log,none,re,y2004_2008,none,0.1817222055241818
mcomm,log,none,re,y2004_2008,none,-0.4193285427655852
mlib,log,none,re,y2004_2008,none,-0.2506999478348962
mpos,log,none,re,y2004_2008,none,-0.3536882913877933
mneg,log,none,re,y2004_2008,none,-0.4246527682611368
mcosmo,log,none,pooled_cl,y2004_2008,none,0.11678459469016332
mutil,log,none,pooled_cl,y2004_2008,none,0.02859264911042433
mcomm,log,none,pooled_cl,y2004_2008,none,0.11392563279827124
mlib,log,none,pooled_cl,y2004_2008,none,0.07469060078555143
mpos,log,none,pooled_cl,y2004_2008,none,0.0979637056369444
mneg,log,none,pooled_cl,y2004_2008,none,0.11450810133174574
mcosmo,log,none,pooled_cl,y2004_2008,n_cell,0.1702541131698643
mutil,log,none,pooled_cl,y2004_2008,n_cell,-0.00467888817812952
mcomm,log,none,pooled_cl,y2004_2008,n_cell,0.04480512219879643
mlib,log,none,pooled_cl,y2004_2008,n_cell,0.11480471377166868
mpos,log,none,pooled_cl,y2004_2008,n_cell,0.11780075533449325
mneg,log,none,pooled_cl,y2004_2008,n_cell,0.09617007555718296
mcosmo,log,none,fe_twoway,y2009_2013,none,-0.4106548425026659
mutil,log,none,fe_twoway,y2009_2013,none,-0.3458707709016566
mcomm,log,none,fe_twoway,y2009_2013,none,-0.6175745562039178
mlib,log,none,fe_twoway,y2009_2013,none,0.00510016193813463
mpos,log,none,fe_twoway,y2009_2013,none,-0.4437015905554768
mneg,log,none,fe_twoway,y2009_2013,none,-0.4593591967964568
mcosmo,log,none,fe_twoway,y2009_2013,n_cell,-0.35085822981138454
mutil,log,none,fe_twoway,y2009_2013,n_cell,-0.3017404277184061
mcomm,log,none,fe_twoway,y2009_2013,n_cell,-0.5358130336339146
mlib,log,none,fe_twoway,y2009_2013,n_cell,0.02031615747208913
mpos,log,none,fe_twoway,y2009_2013,n_cell,-0.38745507729144146
mneg,log,none,fe_twoway,y2009_2013,n_cell,-0.38264900556298526
mcosmo,log,none,fe_country,y2009_2013,none,-0.5177859445454157
mutil,log,none,fe_country,y2009_2013,none,-0.48335221943535456
mcomm,log,none,fe_country,y2009_2013,none,-0.668812634971812
mlib,log,none,fe_country,y2009_2013,none,-0.2584193573138789
mpos,log,none,fe_country,y2009_2013,none,-0.5470665630724123
mneg,log,none,fe_country,y2009_2013,none,-0.5574960382511293
mcosmo,log,none,fe_country,y2009_2013,n_cell,-0.43054963116931905
mutil,log,none,fe_country,y2009_2013,n_cell,-0.4177970137961377
mcomm,log,none,fe_country,y2009_2013,n_cell,-0.582625762184245
mlib,log,none,fe_country,y2009_2013,n_cell,-0.18689333807335695
mpos,log,none,fe_country,y2009_2013,n_cell,-0.4673804652644317
mneg,log,none,fe_country,y2009_2013,n_cell,-0.462983838617628
mcosmo,log,none,re,y2009_2013,none,-0.42549141968256254
mutil,log,none,re,y2009_2013,none,-0.3626456768542416
mcomm,log,none,re,y2009_2013,none,-0.5978504347134452
mlib,log,none,re,y2009_2013,none,-0.1433268596057279
mpos,log,none,re,y2009_2013,none,-0.43370579576009755
mneg,log,none,re,y2009_2013,none,-0.4272502903739416
mcosmo,log,none,pooled_cl,y2009_2013,none,-0.03217251220098293
mutil,log,none,pooled_cl,y2009_2013,none,0.06630383524942278
mcomm,log,none,pooled_cl,y2009_2013,none,0.00355137406864886
mlib,log,none,pooled_cl,y2009_2013,none,0.26927990391727546
mpos,log,none,pooled_cl,y2009_2013,none,-0.00132146714540221
mneg,log,none,pooled_cl,y2009_2013,none,0.1744753432442425
mcosmo,log,none,pooled_cl,y2009_2013,n_cell,0.06973611226592014
mutil,log,none,pooled_cl,y2009_2013,n_cell,0.14412663388002517
mcomm,log,none,pooled_cl,y2009_2013,n_cell,0.05615886560939261
mlib,log,none,pooled_cl,y2009_2013,n_cell,0.383022669351442
mpos,log,none,pooled_cl,y2009_2013,n_cell,0.10712802728407916
mneg,log,none,pooled_cl,y2009_2013,n_cell,0.29199116443291345
mcosmo,log,none,fe_twoway,no_bailout,none,0.07284860150611475
mutil,log,none,fe_twoway,no_bailout,none,-0.20703106974579777
mcomm,log,none,fe_twoway,no_bailout,none,-0.30208701384694775
mlib,log,none,fe_twoway,no_bailout,none,0.1610647230021641
mpos,log,none,fe_twoway,no_bailout,none,-0.02638889010923371
mneg,log,none,fe_twoway,no_bailout,none,-0.1045431205614577
mcosmo,log,none,fe_twoway,no_bailout,n_cell,0.08807789100099642
mutil,log,none,fe_twoway,no_bailout,n_cell,-0.2278890086578312
mcomm,log,none,fe_twoway,no_bailout,n_cell,-0.32596061500927387
mlib,log,none,fe_twoway,no_bailout,n_cell,0.2247692190797468
mpos,log,none,fe_twoway,no_bailout,n_cell,-0.02056337732462111
mneg,log,none,fe_twoway,no_bailout,n_cell,-0.08201802459105809
mcosmo,log,none,fe_country,no_bailout,none,-0.17207217700254226
mutil,log,none,fe_country,no_bailout,none,-0.32929017573889574
mcomm,log,none,fe_country,no_bailout,none,-0.37532941765539574
mlib,log,none,fe_country,no_bailout,none,-0.2180410890948993
mpos,log,none,fe_country,no_bailout,none,-0.3133880406699446
mneg,log,none,fe_country,no_bailout,none,-0.38174964294811126
mcosmo,log,none,fe_country,no_bailout,n_cell,-0.15520621783465796
mutil,log,none,fe_country,no_bailout,n_cell,-0.3459491711561126
mcomm,log,none,fe_country,no_bailout,n_cell,-0.4046159691075843
mlib,log,none,fe_country,no_bailout,n_cell,-0.16002802678224984
mpos,log,none,fe_country,no_bailout,n_cell,-0.30210182890915666
mneg,log,none,fe_country,no_bailout,n_cell,-0.3702253173867278
mcosmo,log,none,re,no_bailout,none,-0.125511955265064
mutil,log,none,re,no_bailout,none,-0.29444302241983256
mcomm,log,none,re,no_bailout,none,-0.3229223899501157
mlib,log,none,re,no_bailout,none,-0.18566375954568937
mpos,log,none,re,no_bailout,none,-0.2676775042422161
mneg,log,none,re,no_bailout,none,-0.3344765923741991
mcosmo,log,none,pooled_cl,no_bailout,none,0.2341097212631095
mutil,log,none,pooled_cl,no_bailout,none,0.05620364658131802
mcomm,log,none,pooled_cl,no_bailout,none,0.2549005001605633
mlib,log,none,pooled_cl,no_bailout,none,0.13644912902162926
mpos,log,none,pooled_cl,no_bailout,none,0.2030451692753029
mneg,log,none,pooled_cl,no_bailout,none,0.23003572167524705
mcosmo,log,none,pooled_cl,no_bailout,n_cell,0.28792379838411386
mutil,log,none,pooled_cl,no_bailout,n_cell,0.07121016019294839
mcomm,log,none,pooled_cl,no_bailout,n_cell,0.2512669347569729
mlib,log,none,pooled_cl,no_bailout,n_cell,0.19969922353303352
mpos,log,none,pooled_cl,no_bailout,n_cell,0.2510482623310344
mneg,log,none,pooled_cl,no_bailout,n_cell,0.26752752909742034
mcosmo,log,none,fe_twoway,no_GR_ES,none,-0.15394997960043766
mutil,log,none,fe_twoway,no_GR_ES,none,-0.2644196702310024
mcomm,log,none,fe_twoway,no_GR_ES,none,-0.4640352331423931
mlib,log,none,fe_twoway,no_GR_ES,none,0.07713091308959896
mpos,log,none,fe_twoway,no_GR_ES,none,-0.25783701414367105
mneg,log,none,fe_twoway,no_GR_ES,none,-0.323546160283
mcosmo,log,none,fe_twoway,no_GR_ES,n_cell,-0.07328369187739622
mutil,log,none,fe_twoway,no_GR_ES,n_cell,-0.29194358106899315
mcomm,log,none,fe_twoway,no_GR_ES,n_cell,-0.4454767449057312
mlib,log,none,fe_twoway,no_GR_ES,n_cell,0.14365215189049152
mpos,log,none,fe_twoway,no_GR_ES,n_cell,-0.2000138587211004
mneg,log,none,fe_twoway,no_GR_ES,n_cell,-0.25716026869457753
mcosmo,log,none,fe_country,no_GR_ES,none,-0.3315146077142386
mutil,log,none,fe_country,no_GR_ES,none,-0.43475226358315255
mcomm,log,none,fe_country,no_GR_ES,none,-0.5086758714282578
mlib,log,none,fe_country,no_GR_ES,none,-0.30728449840346456
mpos,log,none,fe_country,no_GR_ES,none,-0.4779548699921084
mneg,log,none,fe_country,no_GR_ES,none,-0.5239123926387246
mcosmo,log,none,fe_country,no_GR_ES,n_cell,-0.26458615602388247
mutil,log,none,fe_country,no_GR_ES,n_cell,-0.44565830032525666
mcomm,log,none,fe_country,no_GR_ES,n_cell,-0.4887807489460927
mlib,log,none,fe_country,no_GR_ES,n_cell,-0.248418763018821
mpos,log,none,fe_country,no_GR_ES,n_cell,-0.4324696244575506
mneg,log,none,fe_country,no_GR_ES,n_cell,-0.47957951316363384
mcosmo,log,none,re,no_GR_ES,none,-0.29085433867262356
mutil,log,none,re,no_GR_ES,none,-0.4056142503780367
mcomm,log,none,re,no_GR_ES,none,-0.4651918735742368
mlib,log,none,re,no_GR_ES,none,-0.28054635804939654
mpos,log,none,re,no_GR_ES,none,-0.4400718377559817
mneg,log,none,re,no_GR_ES,none,-0.4804750459766348
mcosmo,log,none,pooled_cl,no_GR_ES,none,0.04638797172536604
mutil,log,none,pooled_cl,no_GR_ES,none,-0.06034638294521739
mcomm,log,none,pooled_cl,no_GR_ES,none,0.07378892620963712
mlib,log,none,pooled_cl,no_GR_ES,none,0.04290258791277653
mpos,log,none,pooled_cl,no_GR_ES,none,0.00627983556950877
mneg,log,none,pooled_cl,no_GR_ES,none,0.0753594812425866
mcosmo,log,none,pooled_cl,no_GR_ES,n_cell,0.1330234706150528
mutil,log,none,pooled_cl,no_GR_ES,n_cell,-0.03891755565227974
mcomm,log,none,pooled_cl,no_GR_ES,n_cell,0.09718596134806969
mlib,log,none,pooled_cl,no_GR_ES,n_cell,0.11675119821377762
mpos,log,none,pooled_cl,no_GR_ES,n_cell,0.08117386091942548
mneg,log,none,pooled_cl,no_GR_ES,n_cell,0.1352740431498333
mcosmo,log,other,fe_twoway,all,none,-0.2137119678586513
mutil,log,other,fe_twoway,all,none,-0.13991253410848875
mcomm,log,other,fe_twoway,all,none,-0.4547224869400902
mlib,log,other,fe_twoway,all,none,0.02529229924780875
mpos,log,other,fe_twoway,all,none,-0.25552874965082667
mneg,log,other,fe_twoway,all,none,-0.3364462445629796
mcosmo,log,other,fe_twoway,all,n_cell,-0.15989836963876428
mutil,log,other,fe_twoway,all,n_cell,-0.18177724819843152
mcomm,log,other,fe_twoway,all,n_cell,-0.4486403562510756
mlib,log,other,fe_twoway,all,n_cell,0.08043763978996932
mpos,log,other,fe_twoway,all,n_cell,-0.22373658050415332
mneg,log,other,fe_twoway,all,n_cell,-0.29320364675777855
mcosmo,log,other,fe_country,all,none,-0.414752174385593
mutil,log,other,fe_country,all,none,-0.3465456606875389
mcomm,log,other,fe_country,all,none,-0.5334729086447453
mlib,log,other,fe_country,all,none,-0.32725777010584756
mpos,log,other,fe_country,all,none,-0.4877578187977421
mneg,log,other,fe_country,all,none,-0.545363290458648
mcosmo,log,other,fe_country,all,n_cell,-0.3602730035393117
mutil,log,other,fe_country,all,n_cell,-0.37388766247182
mcomm,log,other,fe_country,all,n_cell,-0.5217532448600157
mlib,log,other,fe_country,all,n_cell,-0.2754753347426485
mpos,log,other,fe_country,all,n_cell,-0.4554201222119481
mneg,log,other,fe_country,all,n_cell,-0.5128259148052955
mcosmo,log,other,re,all,none,-0.3525972160488806
mutil,log,other,re,all,none,-0.31379498015865775
mcomm,log,other,re,all,none,-0.4694889119559009
mlib,log,other,re,all,none,-0.2929250770802825
mpos,log,other,re,all,none,-0.4311925097530287
mneg,log,other,re,all,none,-0.48290834917644176
mcosmo,log,other,pooled_cl,all,none,0.01210878467323008
mutil,log,other,pooled_cl,all,none,0.00101648100119817
mcomm,log,other,pooled_cl,all,none,0.08009146059197773
mlib,log,other,pooled_cl,all,none,0.094028234515401
mpos,log,other,pooled_cl,all,none,0.00956957524320752
mneg,log,other,pooled_cl,all,none,0.11473790737256058
mcosmo,log,other,pooled_cl,all,n_cell,0.08906176643679983
mutil,log,other,pooled_cl,all,n_cell,0.01383943450604874
mcomm,log,other,pooled_cl,all,n_cell,0.08964910829200544
mlib,log,other,pooled_cl,all,n_cell,0.16048560951937738
mpos,log,other,pooled_cl,all,n_cell,0.07337254926692925
mneg,log,other,pooled_cl,all,n_cell,0.1626949759331155
mcosmo,log,other,fe_twoway,y2004_2008,none,-0.39069880196231016
mutil,log,other,fe_twoway,y2004_2008,none,0.01684992112871222
mcomm,log,other,fe_twoway,y2004_2008,none,-0.38814821850503006
mlib,log,other,fe_twoway,y2004_2008,none,-0.2981744744752939
mpos,log,other,fe_twoway,y2004_2008,none,-0.37061712620311993
mneg,log,other,fe_twoway,y2004_2008,none,-0.4230224144737889
mcosmo,log,other,fe_twoway,y2004_2008,n_cell,-0.3937650978795956
mutil,log,other,fe_twoway,y2004_2008,n_cell,0.00112585803129582
mcomm,log,other,fe_twoway,y2004_2008,n_cell,-0.4020648842101532
mlib,log,other,fe_twoway,y2004_2008,n_cell,-0.2864479806868025
mpos,log,other,fe_twoway,y2004_2008,n_cell,-0.3676116975307828
mneg,log,other,fe_twoway,y2004_2008,n_cell,-0.4326157853909073
mcosmo,log,other,fe_country,y2004_2008,none,-0.5164553095265728
mutil,log,other,fe_country,y2004_2008,none,0.22801829748670197
mcomm,log,other,fe_country,y2004_2008,none,-0.5066804651467173
mlib,log,other,fe_country,y2004_2008,none,-0.29570681974485735
mpos,log,other,fe_country,y2004_2008,none,-0.4267544624542862
mneg,log,other,fe_country,y2004_2008,none,-0.5006091908310545
mcosmo,log,other,fe_country,y2004_2008,n_cell,-0.4892322727736699
mutil,log,other,fe_country,y2004_2008,n_cell,0.16080201170735806
mcomm,log,other,fe_country,y2004_2008,n_cell,-0.545705541089299
mlib,log,other,fe_country,y2004_2008,n_cell,-0.23060687244179068
mpos,log,other,fe_country,y2004_2008,n_cell,-0.4106826163272369
mneg,log,other,fe_country,y2004_2008,n_cell,-0.5052809895858549
mcosmo,log,other,re,y2004_2008,none,-0.3745189923136305
mutil,log,other,re,y2004_2008,none,0.18846061163499825
mcomm,log,other,re,y2004_2008,none,-0.3971172585974376
mlib,log,other,re,y2004_2008,none,-0.24833275501451055
mpos,log,other,re,y2004_2008,none,-0.3318974160343094
mneg,log,other,re,y2004_2008,none,-0.4109033195583633
mcosmo,log,other,pooled_cl,y2004_2008,none,0.09934143395770952
mutil,log,other,pooled_cl,y2004_2008,none,-0.02514322787950936
mcomm,log,other,pooled_cl,y2004_2008,none,0.08020562554582301
mlib,log,other,pooled_cl,y2004_2008,none,0.05647706542799792
mpos,log,other,pooled_cl,y2004_2008,none,0.06120782027113431
mneg,log,other,pooled_cl,y2004_2008,none,0.08368724339100796
mcosmo,log,other,pooled_cl,y2004_2008,n_cell,0.1538415482603523
mutil,log,other,pooled_cl,y2004_2008,n_cell,-0.07454128654080631
mcomm,log,other,pooled_cl,y2004_2008,n_cell,0.00193697869733831
mlib,log,other,pooled_cl,y2004_2008,n_cell,0.09404409210430444
mpos,log,other,pooled_cl,y2004_2008,n_cell,0.07775085448463147
mneg,log,other,pooled_cl,y2004_2008,n_cell,0.0600465387316702
mcosmo,log,other,fe_twoway,y2009_2013,none,-0.3171790578368997
mutil,log,other,fe_twoway,y2009_2013,none,-0.26447111937398704
mcomm,log,other,fe_twoway,y2009_2013,none,-0.5402734744137121
mlib,log,other,fe_twoway,y2009_2013,none,0.0871418148877021
mpos,log,other,fe_twoway,y2009_2013,none,-0.34722694335229015
mneg,log,other,fe_twoway,y2009_2013,none,-0.3534773444990454
mcosmo,log,other,fe_twoway,y2009_2013,n_cell,-0.2742912085108279
mutil,log,other,fe_twoway,y2009_2013,n_cell,-0.23293211616012735
mcomm,log,other,fe_twoway,y2009_2013,n_cell,-0.4682263352537143
mlib,log,other,fe_twoway,y2009_2013,n_cell,0.09535769981072284
mpos,log,other,fe_twoway,y2009_2013,n_cell,-0.3066135311566516
mneg,log,other,fe_twoway,y2009_2013,n_cell,-0.28945008219994955
mcosmo,log,other,fe_country,y2009_2013,none,-0.5342828372837922
mutil,log,other,fe_country,y2009_2013,none,-0.5096990358078441
mcomm,log,other,fe_country,y2009_2013,none,-0.6680531214497057
mlib,log,other,fe_country,y2009_2013,none,-0.29232443290620813
mpos,log,other,fe_country,y2009_2013,none,-0.5695516908415926
mneg,log,other,fe_country,y2009_2013,none,-0.575541451716913
mcosmo,log,other,fe_country,y2009_2013,n_cell,-0.4415836318808592
mutil,log,other,fe_country,y2009_2013,n_cell,-0.4354022865438364
mcomm,log,other,fe_country,y2009_2013,n_cell,-0.5814441456372905
mlib,log,other,fe_country,y2009_2013,n_cell,-0.2072525305035998
mpos,log,other,fe_country,y2009_2013,n_cell,-0.48236485063061024
mneg,log,other,fe_country,y2009_2013,n_cell,-0.4746248661662936
mcosmo,log,other,re,y2009_2013,none,-0.432885788333121
mutil,log,other,re,y2009_2013,none,-0.3974251139831107
mcomm,log,other,re,y2009_2013,none,-0.5674352772726806
mlib,log,other,re,y2009_2013,none,-0.1850686056516808
mpos,log,other,re,y2009_2013,none,-0.45234927406613706
mneg,log,other,re,y2009_2013,none,-0.4271838304226518
mcosmo,log,other,pooled_cl,y2009_2013,none,-0.02025396077697879
mutil,log,other,pooled_cl,y2009_2013,none,0.04553831074006292
mcomm,log,other,pooled_cl,y2009_2013,none,0.04574091322005585
mlib,log,other,pooled_cl,y2009_2013,none,0.24045960857392332
mpos,log,other,pooled_cl,y2009_2013,none,4.815643482203313e-4
mneg,log,other,pooled_cl,y2009_2013,none,0.18503941667783175
mcosmo,log,other,pooled_cl,y2009_2013,n_cell,0.09166990095076524
mutil,log,other,pooled_cl,y2009_2013,n_cell,0.12500780496299302
mcomm,log,other,pooled_cl,y2009_2013,n_cell,0.11009340844833287
mlib,log,other,pooled_cl,y2009_2013,n_cell,0.3567808209010625
mpos,log,other,pooled_cl,y2009_2013,n_cell,0.11717459906292478
mneg,log,other,pooled_cl,y2009_2013,n_cell,0.30662754049100693
mcosmo,log,other,fe_twoway,no_bailout,none,0.01548651848348415
mutil,log,other,fe_twoway,no_bailout,none,-0.12472936837545616
mcomm,log,other,fe_twoway,no_bailout,none,-0.29104715079362603
mlib,log,other,fe_twoway,no_bailout,none,0.14732000953960656
mpos,log,other,fe_twoway,no_bailout,none,-0.04142386739703008
mneg,log,other,fe_twoway,no_bailout,none,-0.10518678878161224
mcosmo,log,other,fe_twoway,no_bailout,n_cell,0.03539586313888651
mutil,log,other,fe_twoway,no_bailout,n_cell,-0.15150985717710852
mcomm,log,other,fe_twoway,no_bailout,n_cell,-0.30560330817855136
mlib,log,other,fe_twoway,no_bailout,n_cell,0.19883033586914808
mpos,log,other,fe_twoway,no_bailout,n_cell,-0.03322567867410304
mneg,log,other,fe_twoway,no_bailout,n_cell,-0.08424300741724497
mcosmo,log,other,fe_country,no_bailout,none,-0.21937302285841528
mutil,log,other,fe_country,no_bailout,none,-0.2710159157113786
mcomm,log,other,fe_country,no_bailout,none,-0.40843603397875766
mlib,log,other,fe_country,no_bailout,none,-0.19834647439381473
mpos,log,other,fe_country,no_bailout,none,-0.3152110749304077
mneg,log,other,fe_country,no_bailout,none,-0.38450423426248015
mcosmo,log,other,fe_country,no_bailout,n_cell,-0.18594779555376725
mutil,log,other,fe_country,no_bailout,n_cell,-0.31012328162250485
mcomm,log,other,fe_country,no_bailout,n_cell,-0.4255018396114137
mlib,log,other,fe_country,no_bailout,n_cell,-0.1452113419445864
mpos,log,other,fe_country,no_bailout,n_cell,-0.3002986714852564
mneg,log,other,fe_country,no_bailout,n_cell,-0.36976015337512846
mcosmo,log,other,re,no_bailout,none,-0.16212577136945283
mutil,log,other,re,no_bailout,none,-0.2378846523263998
mcomm,log,other,re,no_bailout,none,-0.35019752356017664
mlib,log,other,re,no_bailout,none,-0.16364776470914794
mpos,log,other,re,no_bailout,none,-0.2605430852370984
mneg,log,other,re,no_bailout,none,-0.33004544970752175
mcosmo,log,other,pooled_cl,no_bailout,none,0.23559487388888037
mutil,log,other,pooled_cl,no_bailout,none,0.06426030122560415
mcomm,log,other,pooled_cl,no_bailout,none,0.25850337953916164
mlib,log,other,pooled_cl,no_bailout,none,0.14175428762000017
mpos,log,other,pooled_cl,no_bailout,none,0.2091654760264788
mneg,log,other,pooled_cl,no_bailout,none,0.23658390533228948
mcosmo,log,other,pooled_cl,no_bailout,n_cell,0.28532865824434916
mutil,log,other,pooled_cl,no_bailout,n_cell,0.05928266370831593
mcomm,log,other,pooled_cl,no_bailout,n_cell,0.24710258282683228
mlib,log,other,pooled_cl,no_bailout,n_cell,0.19420991173219437
mpos,log,other,pooled_cl,no_bailout,n_cell,0.24616600547288384
mneg,log,other,pooled_cl,no_bailout,n_cell,0.26292537762686535
mcosmo,log,other,fe_twoway,no_GR_ES,none,-0.16860498635518026
mutil,log,other,fe_twoway,no_GR_ES,none,-0.15940003536090794
mcomm,log,other,fe_twoway,no_GR_ES,none,-0.41689830974266257
mlib,log,other,fe_twoway,no_GR_ES,none,0.07763435806504286
mpos,log,other,fe_twoway,no_GR_ES,none,-0.2248901285736331
mneg,log,other,fe_twoway,no_GR_ES,none,-0.28129156194454474
mcosmo,log,other,fe_twoway,no_GR_ES,n_cell,-0.09450125547776048
mutil,log,other,fe_twoway,no_GR_ES,n_cell,-0.2030935213295707
mcomm,log,other,fe_twoway,no_GR_ES,n_cell,-0.4035175953329012
mlib,log,other,fe_twoway,no_GR_ES,n_cell,0.1348957987664733
mpos,log,other,fe_twoway,no_GR_ES,n_cell,-0.17477501075361124
mneg,log,other,fe_twoway,no_GR_ES,n_cell,-0.2238886329018109
mcosmo,log,other,fe_country,no_GR_ES,none,-0.35641150544133027
mutil,log,other,fe_country,no_GR_ES,none,-0.34252247884265663
mcomm,log,other,fe_country,no_GR_ES,none,-0.49293540359392246
mlib,log,other,fe_country,no_GR_ES,none,-0.27002242736208676
mpos,log,other,fe_country,no_GR_ES,none,-0.4504107603992909
mneg,log,other,fe_country,no_GR_ES,none,-0.4946079572605283
mcosmo,log,other,fe_country,no_GR_ES,n_cell,-0.2864892267719544
mutil,log,other,fe_country,no_GR_ES,n_cell,-0.3763396927816507
mcomm,log,other,fe_country,no_GR_ES,n_cell,-0.4801458716868811
mlib,log,other,fe_country,no_GR_ES,n_cell,-0.2147185299592151
mpos,log,other,fe_country,no_GR_ES,n_cell,-0.40766869321758775
mneg,log,other,fe_country,no_GR_ES,n_cell,-0.45463982081779286
mcosmo,log,other,re,no_GR_ES,none,-0.2952508151979482
mutil,log,other,re,no_GR_ES,none,-0.31253593252658424
mcomm,log,other,re,no_GR_ES,none,-0.43070828512899334
mlib,log,other,re,no_GR_ES,none,-0.2434093283884594
mpos,log,other,re,no_GR_ES,none,-0.39523304998835984
mneg,log,other,re,no_GR_ES,none,-0.4384580412445227
mcosmo,log,other,pooled_cl,no_GR_ES,none,0.07102922613505666
mutil,log,other,pooled_cl,no_GR_ES,none,-0.01127142318008996
mcomm,log,other,pooled_cl,no_GR_ES,none,0.11591217029544
mlib,log,other,pooled_cl,no_GR_ES,none,0.06657315637179342
mpos,log,other,pooled_cl,no_GR_ES,none,0.04833325943509041
mneg,log,other,pooled_cl,no_GR_ES,none,0.11874349219292368
mcosmo,log,other,pooled_cl,no_GR_ES,n_cell,0.1482075420747333
mutil,log,other,pooled_cl,no_GR_ES,n_cell,-0.01031311922172315
mcomm,log,other,pooled_cl,no_GR_ES,n_cell,0.12277103252013416
mlib,log,other,pooled_cl,no_GR_ES,n_cell,0.13041010869656358
mpos,log,other,pooled_cl,no_GR_ES,n_cell,0.1074199459938482
mneg,log,other,pooled_cl,no_GR_ES,n_cell,0.1610481790337221
